"game_id","week","team","starting_line"
"2022_01_BAL_NYJ",1,"BAL","Ben Powers, Kevin Zeitler, Morgan Moses, Patrick Mekari, Tyler Linderbaum"
"2022_01_BAL_NYJ",1,"NYJ","Alijah Vera-Tucker, Connor McGovern, George Fant, Laken Tomlinson, Max Mitchell"
"2022_01_BUF_LA",1,"BUF","Dion Dawkins, Mitch Morse, Rodger Saffold, Ryan Bates, Spencer Brown"
"2022_01_BUF_LA",1,"LA","Brian Allen, Coleman Shelton, David Edwards, Joseph Noteboom, Rob Havenstein"
"2022_01_CLE_CAR",1,"CAR","Austin Corbett, Brady Christensen, Ikem Ekwonu, Pat Elflein, Taylor Moton"
"2022_01_CLE_CAR",1,"CLE","Ethan Pocic, James Hudson, Jedrick Wills Jr., Joel Bitonio, Wyatt Teller"
"2022_01_DEN_SEA",1,"DEN","Cameron Fleming, Dalton Risner, Garett Bolles, Graham Glasgow, Lloyd Cushenberry III"
"2022_01_DEN_SEA",1,"SEA","Abraham Lucas, Austin Blythe, Charles Cross, Gabe Jackson, Phil Haynes"
"2022_01_GB_MIN",1,"GB","Jake Hanson, Jon Runyan, Josh Myers, Royce Newman, Yosuah Nijman"
"2022_01_GB_MIN",1,"MIN","Brian O'Neill, Christian Darrisaw, Ed Ingram, Ezra Cleveland, Garrett Bradbury"
"2022_01_IND_HOU",1,"HOU","A.J. Cann, Justin Britt, Kenyon Green, Laremy Tunsil, Tytus Howard"
"2022_01_IND_HOU",1,"IND","Braden Smith, Danny Pinter, Matt Pryor, Quenton Nelson, Ryan Kelly"
"2022_01_JAX_WAS",1,"JAX","Ben Bartch, Brandon Scherff, Cam Robinson, Jawaan Taylor, Luke Fortner"
"2022_01_JAX_WAS",1,"WAS","Andrew Norwell, Charles Leno Jr., Chase Roullier, Samuel Cosmi, Trai Turner"
"2022_01_KC_ARI",1,"ARI","D.J. Humphries, Kelvin Beachum, Rodney Hudson, Sean Harlow, Will Hernandez"
"2022_01_KC_ARI",1,"KC","Andrew Wylie, Creed Humphrey, Joe Thuney, Nick Allegretti, Orlando Brown Jr."
"2022_01_LV_LAC",1,"LAC","Corey Linsley, Matt Feiler, Rashawn Slater, Trey Pipkins, Zion Johnson"
"2022_01_LV_LAC",1,"LV","Andre James, Dylan Parham, Jermaine Eluemunor, John Simpson, Kolton Miller"
"2022_01_NE_MIA",1,"MIA","Connor Williams, Greg Little, Liam Eichenberg, Robert Hunt, Terron Armstead"
"2022_01_NE_MIA",1,"NE","Cole Strange, David Andrews, Isaiah Wynn, Michael Onwenu, Trent Brown"
"2022_01_NO_ATL",1,"ATL","Chris Lindstrom, Drew Dalman, Elijah Wilkinson, Jake Matthews, Kaleb McGary"
"2022_01_NO_ATL",1,"NO","Andrus Peat, Cesar Ruiz, Erik McCoy, James Hurst, Ryan Ramczyk"
"2022_01_NYG_TEN",1,"NYG","Andrew Thomas, Ben Bredeson, Evan Neal, Jon Feliciano, Mark Glowinski"
"2022_01_NYG_TEN",1,"TEN","Aaron Brewer, Ben Jones, Nate Davis, Nicholas Petit-Frere, Taylor Lewan"
"2022_01_PHI_DET",1,"DET","Frank Ragnow, Jonah Jackson, Logan Stenberg, Penei Sewell, Taylor Decker"
"2022_01_PHI_DET",1,"PHI","Isaac Seumalo, Jason Kelce, Jordan Mailata, Landon Dickerson, Lane Johnson"
"2022_01_PIT_CIN",1,"CIN","Alex Cappa, Cordell Volson, Jonah Williams, La'el Collins, Ted Karras"
"2022_01_PIT_CIN",1,"PIT","Chukwuma Okorafor, Dan Moore, James Daniels, Kevin Dotson, Mason Cole"
"2022_01_SF_CHI",1,"CHI","Braxton Jones, Cody Whitehair, Larry Borom, Sam Mustipher, Teven Jenkins"
"2022_01_SF_CHI",1,"SF","Aaron Banks, Jake Brendel, Mike McGlinchey, Spencer Burford, Trent Williams"
"2022_01_TB_DAL",1,"DAL","Matt Farniok, Terence Steele, Tyler Biadasz, Tyler Smith, Zack Martin"
"2022_01_TB_DAL",1,"TB","Josh Wells, Luke Goedeke, Robert Hainsey, Shaq Mason, Tristan Wirfs"
"2022_02_ARI_LV",2,"ARI","D.J. Humphries, Justin Pugh, Kelvin Beachum, Rodney Hudson, Will Hernandez"
"2022_02_ARI_LV",2,"LV","Dylan Parham, Jermaine Eluemunor, John Simpson, Kolton Miller, Lester Cotton"
"2022_02_ATL_LA",2,"ATL","Chris Lindstrom, Drew Dalman, Elijah Wilkinson, Jake Matthews, Kaleb McGary"
"2022_02_ATL_LA",2,"LA","Alaric Jackson, Coleman Shelton, David Edwards, Joseph Noteboom, Rob Havenstein"
"2022_02_CAR_NYG",2,"CAR","Austin Corbett, Brady Christensen, Ikem Ekwonu, Pat Elflein, Taylor Moton"
"2022_02_CAR_NYG",2,"NYG","Andrew Thomas, Ben Bredeson, Evan Neal, Jon Feliciano, Mark Glowinski"
"2022_02_CHI_GB",2,"CHI","Braxton Jones, Cody Whitehair, Larry Borom, Lucas Patrick, Sam Mustipher"
"2022_02_CHI_GB",2,"GB","Elgton Jenkins, Jon Runyan, Josh Myers, Royce Newman, Yosuah Nijman"
"2022_02_CIN_DAL",2,"CIN","Alex Cappa, Cordell Volson, Jonah Williams, La'el Collins, Ted Karras"
"2022_02_CIN_DAL",2,"DAL","Matt Farniok, Terence Steele, Tyler Biadasz, Tyler Smith, Zack Martin"
"2022_02_HOU_DEN",2,"DEN","Cameron Fleming, Dalton Risner, Garett Bolles, Graham Glasgow, Lloyd Cushenberry III"
"2022_02_HOU_DEN",2,"HOU","A.J. Cann, Kenyon Green, Laremy Tunsil, Scott Quessenberry, Tytus Howard"
"2022_02_IND_JAX",2,"IND","Braden Smith, Danny Pinter, Matt Pryor, Quenton Nelson, Ryan Kelly"
"2022_02_IND_JAX",2,"JAX","Ben Bartch, Brandon Scherff, Cam Robinson, Jawaan Taylor, Luke Fortner"
"2022_02_LAC_KC",2,"KC","Andrew Wylie, Creed Humphrey, Joe Thuney, Orlando Brown Jr., Trey Smith"
"2022_02_LAC_KC",2,"LAC","Matt Feiler, Rashawn Slater, Trey Pipkins, Will Clapp, Zion Johnson"
"2022_02_MIA_BAL",2,"BAL","Ben Powers, Kevin Zeitler, Morgan Moses, Patrick Mekari, Tyler Linderbaum"
"2022_02_MIA_BAL",2,"MIA","Connor Williams, Greg Little, Liam Eichenberg, Robert Hunt, Terron Armstead"
"2022_02_MIN_PHI",2,"MIN","Brian O'Neill, Christian Darrisaw, Ed Ingram, Ezra Cleveland, Garrett Bradbury"
"2022_02_MIN_PHI",2,"PHI","Isaac Seumalo, Jason Kelce, Jordan Mailata, Landon Dickerson, Lane Johnson"
"2022_02_NE_PIT",2,"NE","Cole Strange, David Andrews, Isaiah Wynn, Michael Onwenu, Trent Brown"
"2022_02_NE_PIT",2,"PIT","Chukwuma Okorafor, Dan Moore, James Daniels, Kevin Dotson, Mason Cole"
"2022_02_NYJ_CLE",2,"CLE","Ethan Pocic, James Hudson, Jedrick Wills Jr., Joel Bitonio, Wyatt Teller"
"2022_02_NYJ_CLE",2,"NYJ","Alijah Vera-Tucker, Connor McGovern, George Fant, Laken Tomlinson, Max Mitchell"
"2022_02_SEA_SF",2,"SEA","Abraham Lucas, Austin Blythe, Charles Cross, Gabe Jackson, Phil Haynes"
"2022_02_SEA_SF",2,"SF","Aaron Banks, Jake Brendel, Mike McGlinchey, Spencer Burford, Trent Williams"
"2022_02_TB_NO",2,"NO","Andrus Peat, Cesar Ruiz, Erik McCoy, James Hurst, Ryan Ramczyk"
"2022_02_TB_NO",2,"TB","Brandon Walton, Luke Goedeke, Robert Hainsey, Shaq Mason, Tristan Wirfs"
"2022_02_TEN_BUF",2,"BUF","Dion Dawkins, Greg Van Roten, Rodger Saffold, Ryan Bates, Spencer Brown"
"2022_02_TEN_BUF",2,"TEN","Aaron Brewer, Ben Jones, Dennis Daley, Nate Davis, Nicholas Petit-Frere"
"2022_02_WAS_DET",2,"DET","Dan Skipper, Evan Brown, Logan Stenberg, Penei Sewell, Taylor Decker"
"2022_02_WAS_DET",2,"WAS","Andrew Norwell, Charles Leno Jr., Chase Roullier, Samuel Cosmi, Trai Turner"
"2022_03_ATL_SEA",3,"ATL","Chris Lindstrom, Colby Gossett, Drew Dalman, Jake Matthews, Kaleb McGary"
"2022_03_ATL_SEA",3,"SEA","Abraham Lucas, Austin Blythe, Charles Cross, Damien Lewis, Gabe Jackson"
"2022_03_BAL_NE",3,"BAL","Ben Powers, Daniel Faalele, Kevin Zeitler, Morgan Moses, Tyler Linderbaum"
"2022_03_BAL_NE",3,"NE","Cole Strange, David Andrews, Isaiah Wynn, Michael Onwenu, Trent Brown"
"2022_03_BUF_MIA",3,"BUF","David Quessenberry, Dion Dawkins, Greg Van Roten, Rodger Saffold, Ryan Bates"
"2022_03_BUF_MIA",3,"MIA","Connor Williams, Greg Little, Liam Eichenberg, Robert Hunt, Terron Armstead"
"2022_03_CIN_NYJ",3,"CIN","Alex Cappa, Cordell Volson, Jonah Williams, La'el Collins, Ted Karras"
"2022_03_CIN_NYJ",3,"NYJ","Alijah Vera-Tucker, Connor McGovern, George Fant, Laken Tomlinson, Max Mitchell"
"2022_03_DAL_NYG",3,"DAL","Matt Farniok, Terence Steele, Tyler Biadasz, Tyler Smith, Zack Martin"
"2022_03_DAL_NYG",3,"NYG","Andrew Thomas, Ben Bredeson, Evan Neal, Jon Feliciano, Mark Glowinski"
"2022_03_DET_MIN",3,"DET","Dan Skipper, Evan Brown, Frank Ragnow, Penei Sewell, Taylor Decker"
"2022_03_DET_MIN",3,"MIN","Brian O'Neill, Christian Darrisaw, Ed Ingram, Ezra Cleveland, Garrett Bradbury"
"2022_03_GB_TB",3,"GB","David Bakhtiari, Elgton Jenkins, Jon Runyan, Josh Myers, Royce Newman"
"2022_03_GB_TB",3,"TB","Brandon Walton, Luke Goedeke, Robert Hainsey, Shaq Mason, Tristan Wirfs"
"2022_03_HOU_CHI",3,"CHI","Braxton Jones, Cody Whitehair, Larry Borom, Lucas Patrick, Sam Mustipher"
"2022_03_HOU_CHI",3,"HOU","A.J. Cann, Kenyon Green, Laremy Tunsil, Scott Quessenberry, Tytus Howard"
"2022_03_JAX_LAC",3,"JAX","Ben Bartch, Brandon Scherff, Cam Robinson, Jawaan Taylor, Luke Fortner"
"2022_03_JAX_LAC",3,"LAC","Matt Feiler, Rashawn Slater, Trey Pipkins, Will Clapp, Zion Johnson"
"2022_03_KC_IND",3,"IND","Braden Smith, Danny Pinter, Matt Pryor, Quenton Nelson, Ryan Kelly"
"2022_03_KC_IND",3,"KC","Andrew Wylie, Creed Humphrey, Joe Thuney, Orlando Brown Jr., Trey Smith"
"2022_03_LA_ARI",3,"ARI","D.J. Humphries, Justin Pugh, Kelvin Beachum, Rodney Hudson, Will Hernandez"
"2022_03_LA_ARI",3,"LA","Alaric Jackson, Coleman Shelton, David Edwards, Joseph Noteboom, Rob Havenstein"
"2022_03_LV_TEN",3,"LV","Alex Bars, Dylan Parham, Jermaine Eluemunor, Kolton Miller, Thayer Munford"
"2022_03_LV_TEN",3,"TEN","Aaron Brewer, Ben Jones, Dennis Daley, Nate Davis, Nicholas Petit-Frere"
"2022_03_NO_CAR",3,"CAR","Austin Corbett, Brady Christensen, Ikem Ekwonu, Pat Elflein, Taylor Moton"
"2022_03_NO_CAR",3,"NO","Calvin Throckmorton, Cesar Ruiz, Erik McCoy, James Hurst, Ryan Ramczyk"
"2022_03_PHI_WAS",3,"PHI","Isaac Seumalo, Jason Kelce, Jordan Mailata, Landon Dickerson, Lane Johnson"
"2022_03_PHI_WAS",3,"WAS","Andrew Norwell, Charles Leno Jr., Samuel Cosmi, Trai Turner, Wes Schweitzer"
"2022_03_PIT_CLE",3,"CLE","Ethan Pocic, Jack Conklin, Jedrick Wills Jr., Joel Bitonio, Wyatt Teller"
"2022_03_PIT_CLE",3,"PIT","Chukwuma Okorafor, Dan Moore, James Daniels, Kevin Dotson, Mason Cole"
"2022_03_SF_DEN",3,"DEN","Cameron Fleming, Dalton Risner, Garett Bolles, Graham Glasgow, Lloyd Cushenberry III"
"2022_03_SF_DEN",3,"SF","Aaron Banks, Jake Brendel, Mike McGlinchey, Spencer Burford, Trent Williams"
"2022_04_ARI_CAR",4,"ARI","D.J. Humphries, Kelvin Beachum, Max Garcia, Rodney Hudson, Will Hernandez"
"2022_04_ARI_CAR",4,"CAR","Austin Corbett, Brady Christensen, Ikem Ekwonu, Pat Elflein, Taylor Moton"
"2022_04_BUF_BAL",4,"BAL","Ben Powers, Daniel Faalele, Kevin Zeitler, Morgan Moses, Tyler Linderbaum"
"2022_04_BUF_BAL",4,"BUF","Dion Dawkins, Mitch Morse, Rodger Saffold, Ryan Bates, Spencer Brown"
"2022_04_CHI_NYG",4,"CHI","Braxton Jones, Larry Borom, Lucas Patrick, Sam Mustipher, Teven Jenkins"
"2022_04_CHI_NYG",4,"NYG","Andrew Thomas, Ben Bredeson, Evan Neal, Jon Feliciano, Mark Glowinski"
"2022_04_CLE_ATL",4,"ATL","Chris Lindstrom, Drew Dalman, Elijah Wilkinson, Jake Matthews, Kaleb McGary"
"2022_04_CLE_ATL",4,"CLE","Ethan Pocic, Jack Conklin, Jedrick Wills Jr., Joel Bitonio, Wyatt Teller"
"2022_04_DEN_LV",4,"DEN","Cameron Fleming, Dalton Risner, Garett Bolles, Graham Glasgow, Lloyd Cushenberry III"
"2022_04_DEN_LV",4,"LV","Alex Bars, Andre James, Dylan Parham, Kolton Miller, Thayer Munford"
"2022_04_JAX_PHI",4,"JAX","Ben Bartch, Brandon Scherff, Cam Robinson, Jawaan Taylor, Luke Fortner"
"2022_04_JAX_PHI",4,"PHI","Isaac Seumalo, Jack Driscoll, Jason Kelce, Landon Dickerson, Lane Johnson"
"2022_04_KC_TB",4,"KC","Andrew Wylie, Creed Humphrey, Joe Thuney, Orlando Brown Jr., Trey Smith"
"2022_04_KC_TB",4,"TB","Donovan Smith, Luke Goedeke, Robert Hainsey, Shaq Mason, Tristan Wirfs"
"2022_04_LA_SF",4,"LA","Alaric Jackson, Bobby Evans, Jeremiah Kolone, Joseph Noteboom, Rob Havenstein"
"2022_04_LA_SF",4,"SF","Aaron Banks, Colton McKivitz, Jake Brendel, Mike McGlinchey, Spencer Burford"
"2022_04_LAC_HOU",4,"HOU","A.J. Cann, Kenyon Green, Laremy Tunsil, Scott Quessenberry, Tytus Howard"
"2022_04_LAC_HOU",4,"LAC","Corey Linsley, Jamaree Salyer, Matt Feiler, Trey Pipkins, Zion Johnson"
"2022_04_MIA_CIN",4,"CIN","Alex Cappa, Cordell Volson, Jonah Williams, La'el Collins, Ted Karras"
"2022_04_MIA_CIN",4,"MIA","Connor Williams, Greg Little, Liam Eichenberg, Robert Hunt, Terron Armstead"
"2022_04_MIN_NO",4,"MIN","Brian O'Neill, Christian Darrisaw, Ed Ingram, Ezra Cleveland, Garrett Bradbury"
"2022_04_MIN_NO",4,"NO","Calvin Throckmorton, Cesar Ruiz, Erik McCoy, James Hurst, Ryan Ramczyk"
"2022_04_NE_GB",4,"GB","David Bakhtiari, Elgton Jenkins, Jon Runyan, Josh Myers, Royce Newman"
"2022_04_NE_GB",4,"NE","Cole Strange, David Andrews, Isaiah Wynn, Michael Onwenu, Trent Brown"
"2022_04_NYJ_PIT",4,"NYJ","Alijah Vera-Tucker, Connor McGovern, Conor McDermott, Laken Tomlinson, Nate Herbig"
"2022_04_NYJ_PIT",4,"PIT","Chukwuma Okorafor, Dan Moore, James Daniels, Kevin Dotson, Mason Cole"
"2022_04_SEA_DET",4,"DET","Dan Skipper, Evan Brown, Frank Ragnow, Penei Sewell, Taylor Decker"
"2022_04_SEA_DET",4,"SEA","Abraham Lucas, Austin Blythe, Charles Cross, Damien Lewis, Gabe Jackson"
"2022_04_TEN_IND",4,"IND","Braden Smith, Matt Pryor, Quenton Nelson, Ryan Kelly, Will Fries"
"2022_04_TEN_IND",4,"TEN","Aaron Brewer, Ben Jones, Dennis Daley, Nate Davis, Nicholas Petit-Frere"
"2022_04_WAS_DAL",4,"DAL","Connor McGovern, Terence Steele, Tyler Biadasz, Tyler Smith, Zack Martin"
"2022_04_WAS_DAL",4,"WAS","Andrew Norwell, Charles Leno Jr., Nick Martin, Saahdiq Charles, Samuel Cosmi"
"2022_05_ATL_TB",5,"ATL","Chris Lindstrom, Drew Dalman, Elijah Wilkinson, Jake Matthews, Kaleb McGary"
"2022_05_ATL_TB",5,"TB","Donovan Smith, Luke Goedeke, Robert Hainsey, Shaq Mason, Tristan Wirfs"
"2022_05_CHI_MIN",5,"CHI","Braxton Jones, Larry Borom, Lucas Patrick, Sam Mustipher, Teven Jenkins"
"2022_05_CHI_MIN",5,"MIN","Brian O'Neill, Christian Darrisaw, Ed Ingram, Ezra Cleveland, Garrett Bradbury"
"2022_05_CIN_BAL",5,"BAL","Ben Powers, Kevin Zeitler, Morgan Moses, Patrick Mekari, Tyler Linderbaum"
"2022_05_CIN_BAL",5,"CIN","Alex Cappa, Cordell Volson, Jonah Williams, La'el Collins, Ted Karras"
"2022_05_DAL_LA",5,"DAL","Connor McGovern, Terence Steele, Tyler Biadasz, Tyler Smith, Zack Martin"
"2022_05_DAL_LA",5,"LA","Alaric Jackson, David Edwards, Jeremiah Kolone, Joseph Noteboom, Rob Havenstein"
"2022_05_DET_NE",5,"DET","Evan Brown, Frank Ragnow, Jonah Jackson, Penei Sewell, Taylor Decker"
"2022_05_DET_NE",5,"NE","Cole Strange, David Andrews, Isaiah Wynn, Michael Onwenu, Trent Brown"
"2022_05_HOU_JAX",5,"HOU","A.J. Cann, Kenyon Green, Laremy Tunsil, Scott Quessenberry, Tytus Howard"
"2022_05_HOU_JAX",5,"JAX","Brandon Scherff, Cam Robinson, Jawaan Taylor, Luke Fortner, Tyler Shatley"
"2022_05_IND_DEN",5,"DEN","Cameron Fleming, Dalton Risner, Garett Bolles, Graham Glasgow, Lloyd Cushenberry III"
"2022_05_IND_DEN",5,"IND","Bernhard Raimann, Braden Smith, Danny Pinter, Matt Pryor, Quenton Nelson"
"2022_05_LAC_CLE",5,"CLE","Ethan Pocic, Jack Conklin, Jedrick Wills Jr., Joel Bitonio, Wyatt Teller"
"2022_05_LAC_CLE",5,"LAC","Corey Linsley, Jamaree Salyer, Matt Feiler, Trey Pipkins, Zion Johnson"
"2022_05_LV_KC",5,"KC","Andrew Wylie, Creed Humphrey, Joe Thuney, Nick Allegretti, Orlando Brown Jr."
"2022_05_LV_KC",5,"LV","Alex Bars, Andre James, Dylan Parham, Jermaine Eluemunor, Kolton Miller"
"2022_05_MIA_NYJ",5,"MIA","Brandon Shell, Connor Williams, Greg Little, Liam Eichenberg, Robert Hunt"
"2022_05_MIA_NYJ",5,"NYJ","Alijah Vera-Tucker, Connor McGovern, Duane Brown, Laken Tomlinson, Nate Herbig"
"2022_05_NYG_GB",5,"GB","Elgton Jenkins, Jon Runyan, Josh Myers, Royce Newman, Yosuah Nijman"
"2022_05_NYG_GB",5,"NYG","Andrew Thomas, Ben Bredeson, Evan Neal, Jon Feliciano, Mark Glowinski"
"2022_05_PHI_ARI",5,"ARI","D.J. Humphries, Justin Pugh, Kelvin Beachum, Sean Harlow, Will Hernandez"
"2022_05_PHI_ARI",5,"PHI","Isaac Seumalo, Jack Driscoll, Jason Kelce, Lane Johnson, Sua Opeta"
"2022_05_PIT_BUF",5,"BUF","Dion Dawkins, Mitch Morse, Rodger Saffold, Ryan Bates, Spencer Brown"
"2022_05_PIT_BUF",5,"PIT","Chukwuma Okorafor, Dan Moore, James Daniels, Kevin Dotson, Mason Cole"
"2022_05_SEA_NO",5,"NO","Andrus Peat, Cesar Ruiz, Erik McCoy, James Hurst, Ryan Ramczyk"
"2022_05_SEA_NO",5,"SEA","Abraham Lucas, Austin Blythe, Charles Cross, Damien Lewis, Gabe Jackson"
"2022_05_SF_CAR",5,"CAR","Austin Corbett, Brady Christensen, Ikem Ekwonu, Pat Elflein, Taylor Moton"
"2022_05_SF_CAR",5,"SF","Aaron Banks, Jake Brendel, Jaylon Moore, Mike McGlinchey, Spencer Burford"
"2022_05_TEN_WAS",5,"TEN","Aaron Brewer, Ben Jones, Dennis Daley, Dillon Radunz, Nicholas Petit-Frere"
"2022_05_TEN_WAS",5,"WAS","Andrew Norwell, Charles Leno Jr., Cornelius Lucas, Nick Martin, Saahdiq Charles"
"2022_06_ARI_SEA",6,"ARI","D.J. Humphries, Kelvin Beachum, Max Garcia, Sean Harlow, Will Hernandez"
"2022_06_ARI_SEA",6,"SEA","Abraham Lucas, Austin Blythe, Charles Cross, Damien Lewis, Phil Haynes"
"2022_06_BAL_NYG",6,"BAL","Ben Powers, Kevin Zeitler, Patrick Mekari, Ronnie Stanley, Tyler Linderbaum"
"2022_06_BAL_NYG",6,"NYG","Andrew Thomas, Ben Bredeson, Evan Neal, Jon Feliciano, Mark Glowinski"
"2022_06_BUF_KC",6,"BUF","David Quessenberry, Dion Dawkins, Mitch Morse, Rodger Saffold, Ryan Bates"
"2022_06_BUF_KC",6,"KC","Andrew Wylie, Creed Humphrey, Joe Thuney, Orlando Brown Jr., Trey Smith"
"2022_06_CAR_LA",6,"CAR","Austin Corbett, Brady Christensen, Ikem Ekwonu, Pat Elflein, Taylor Moton"
"2022_06_CAR_LA",6,"LA","Alaric Jackson, Bobby Evans, Jeremiah Kolone, Oday Aboushi, Rob Havenstein"
"2022_06_CIN_NO",6,"CIN","Alex Cappa, Cordell Volson, Jonah Williams, La'el Collins, Ted Karras"
"2022_06_CIN_NO",6,"NO","Andrus Peat, Cesar Ruiz, Erik McCoy, James Hurst, Ryan Ramczyk"
"2022_06_DAL_PHI",6,"DAL","Connor McGovern, Terence Steele, Tyler Biadasz, Tyler Smith, Zack Martin"
"2022_06_DAL_PHI",6,"PHI","Isaac Seumalo, Jason Kelce, Jordan Mailata, Landon Dickerson, Lane Johnson"
"2022_06_DEN_LAC",6,"DEN","Billy Turner, Cameron Fleming, Dalton Risner, Lloyd Cushenberry III, Quinn Meinerz"
"2022_06_DEN_LAC",6,"LAC","Jamaree Salyer, Matt Feiler, Trey Pipkins, Will Clapp, Zion Johnson"
"2022_06_JAX_IND",6,"IND","Braden Smith, Dennis Kelly, Matt Pryor, Quenton Nelson, Ryan Kelly"
"2022_06_JAX_IND",6,"JAX","Brandon Scherff, Cam Robinson, Jawaan Taylor, Luke Fortner, Tyler Shatley"
"2022_06_MIN_MIA",6,"MIA","Brandon Shell, Connor Williams, Greg Little, Liam Eichenberg, Robert Hunt"
"2022_06_MIN_MIA",6,"MIN","Brian O'Neill, Christian Darrisaw, Ed Ingram, Ezra Cleveland, Garrett Bradbury"
"2022_06_NE_CLE",6,"CLE","Ethan Pocic, Hjalte Froholdt, Jack Conklin, Jedrick Wills Jr., Joel Bitonio"
"2022_06_NE_CLE",6,"NE","Cole Strange, David Andrews, Marcus Cannon, Michael Onwenu, Trent Brown"
"2022_06_NYJ_GB",6,"GB","David Bakhtiari, Elgton Jenkins, Jon Runyan, Josh Myers, Royce Newman"
"2022_06_NYJ_GB",6,"NYJ","Alijah Vera-Tucker, Connor McGovern, Duane Brown, Laken Tomlinson, Nate Herbig"
"2022_06_SF_ATL",6,"ATL","Chris Lindstrom, Drew Dalman, Elijah Wilkinson, Jake Matthews, Kaleb McGary"
"2022_06_SF_ATL",6,"SF","Aaron Banks, Daniel Brunskill, Jake Brendel, Jaylon Moore, Spencer Burford"
"2022_06_TB_PIT",6,"PIT","Chukwuma Okorafor, Dan Moore, James Daniels, Kevin Dotson, Mason Cole"
"2022_06_TB_PIT",6,"TB","Donovan Smith, Luke Goedeke, Robert Hainsey, Shaq Mason, Tristan Wirfs"
"2022_06_WAS_CHI",6,"CHI","Braxton Jones, Larry Borom, Lucas Patrick, Sam Mustipher, Teven Jenkins"
"2022_06_WAS_CHI",6,"WAS","Andrew Norwell, Charles Leno Jr., Cornelius Lucas, Saahdiq Charles, Tyler Larsen"
"2022_07_ATL_CIN",7,"ATL","Chris Lindstrom, Drew Dalman, Elijah Wilkinson, Jake Matthews, Kaleb McGary"
"2022_07_ATL_CIN",7,"CIN","Alex Cappa, Cordell Volson, Jonah Williams, La'el Collins, Ted Karras"
"2022_07_CHI_NE",7,"CHI","Braxton Jones, Larry Borom, Michael Schofield, Sam Mustipher, Teven Jenkins"
"2022_07_CHI_NE",7,"NE","Cole Strange, David Andrews, Marcus Cannon, Michael Onwenu, Trent Brown"
"2022_07_CLE_BAL",7,"BAL","Ben Powers, Kevin Zeitler, Morgan Moses, Ronnie Stanley, Tyler Linderbaum"
"2022_07_CLE_BAL",7,"CLE","Ethan Pocic, Hjalte Froholdt, Jack Conklin, Jedrick Wills Jr., Joel Bitonio"
"2022_07_DET_DAL",7,"DAL","Connor McGovern, Terence Steele, Tyler Biadasz, Tyler Smith, Zack Martin"
"2022_07_DET_DAL",7,"DET","Evan Brown, Frank Ragnow, Jonah Jackson, Penei Sewell, Taylor Decker"
"2022_07_GB_WAS",7,"GB","Elgton Jenkins, Jon Runyan Jr., Josh Myers, Yosuah Nijman, Zach Tom"
"2022_07_GB_WAS",7,"WAS","Andrew Norwell, Charles Leno Jr., Cornelius Lucas, Saahdiq Charles, Tyler Larsen"
"2022_07_HOU_LV",7,"HOU","A.J. Cann, Kenyon Green, Laremy Tunsil, Scott Quessenberry, Tytus Howard"
"2022_07_HOU_LV",7,"LV","Alex Bars, Andre James, Dylan Parham, Kolton Miller, Thayer Munford"
"2022_07_IND_TEN",7,"IND","Braden Smith, Dennis Kelly, Matt Pryor, Quenton Nelson, Ryan Kelly"
"2022_07_IND_TEN",7,"TEN","Aaron Brewer, Ben Jones, Dennis Daley, Dillon Radunz, Nicholas Petit-Frere"
"2022_07_KC_SF",7,"KC","Andrew Wylie, Creed Humphrey, Joe Thuney, Orlando Brown Jr., Trey Smith"
"2022_07_KC_SF",7,"SF","Aaron Banks, Jake Brendel, Mike McGlinchey, Spencer Burford, Trent Williams"
"2022_07_NO_ARI",7,"ARI","Billy Price, Cody Ford, D.J. Humphries, Kelvin Beachum, Will Hernandez"
"2022_07_NO_ARI",7,"NO","Calvin Throckmorton, Cesar Ruiz, Erik McCoy, James Hurst, Ryan Ramczyk"
"2022_07_NYG_JAX",7,"JAX","Brandon Scherff, Cam Robinson, Jawaan Taylor, Luke Fortner, Tyler Shatley"
"2022_07_NYG_JAX",7,"NYG","Andrew Thomas, Jon Feliciano, Joshua Ezeudu, Mark Glowinski, Tyre Phillips"
"2022_07_NYJ_DEN",7,"DEN","Billy Turner, Cameron Fleming, Dalton Risner, Lloyd Cushenberry III, Quinn Meinerz"
"2022_07_NYJ_DEN",7,"NYJ","Cedric Ogbuehi, Connor McGovern, Duane Brown, Laken Tomlinson, Nate Herbig"
"2022_07_PIT_MIA",7,"MIA","Brandon Shell, Connor Williams, Liam Eichenberg, Robert Hunt, Terron Armstead"
"2022_07_PIT_MIA",7,"PIT","Chukwuma Okorafor, Dan Moore, James Daniels, Kevin Dotson, Mason Cole"
"2022_07_SEA_LAC",7,"LAC","Corey Linsley, Jamaree Salyer, Matt Feiler, Trey Pipkins, Zion Johnson"
"2022_07_SEA_LAC",7,"SEA","Abraham Lucas, Austin Blythe, Charles Cross, Damien Lewis, Phil Haynes"
"2022_07_TB_CAR",7,"CAR","Austin Corbett, Bradley Bozeman, Brady Christensen, Ikem Ekwonu, Taylor Moton"
"2022_07_TB_CAR",7,"TB","Donovan Smith, Luke Goedeke, Robert Hainsey, Shaq Mason, Tristan Wirfs"
"2022_08_ARI_MIN",8,"ARI","Billy Price, Cody Ford, Josh Jones, Kelvin Beachum, Will Hernandez"
"2022_08_ARI_MIN",8,"MIN","Brian O'Neill, Christian Darrisaw, Ed Ingram, Ezra Cleveland, Garrett Bradbury"
"2022_08_BAL_TB",8,"BAL","Ben Powers, Kevin Zeitler, Morgan Moses, Ronnie Stanley, Tyler Linderbaum"
"2022_08_BAL_TB",8,"TB","Donovan Smith, Nick Leverett, Robert Hainsey, Shaq Mason, Tristan Wirfs"
"2022_08_CAR_ATL",8,"ATL","Chris Lindstrom, Drew Dalman, Elijah Wilkinson, Jake Matthews, Kaleb McGary"
"2022_08_CAR_ATL",8,"CAR","Austin Corbett, Bradley Bozeman, Brady Christensen, Ikem Ekwonu, Taylor Moton"
"2022_08_CHI_DAL",8,"CHI","Braxton Jones, Michael Schofield, Riley Reiff, Sam Mustipher, Teven Jenkins"
"2022_08_CHI_DAL",8,"DAL","Connor McGovern, Terence Steele, Tyler Biadasz, Tyler Smith, Zack Martin"
"2022_08_CIN_CLE",8,"CIN","Alex Cappa, Cordell Volson, Jonah Williams, La'el Collins, Ted Karras"
"2022_08_CIN_CLE",8,"CLE","Ethan Pocic, Hjalte Froholdt, Jack Conklin, Jedrick Wills Jr., Joel Bitonio"
"2022_08_DEN_JAX",8,"DEN","Billy Turner, Calvin Anderson, Dalton Risner, Graham Glasgow, Quinn Meinerz"
"2022_08_DEN_JAX",8,"JAX","Brandon Scherff, Cam Robinson, Jawaan Taylor, Luke Fortner, Tyler Shatley"
"2022_08_GB_BUF",8,"BUF","David Quessenberry, Dion Dawkins, Mitch Morse, Rodger Saffold, Ryan Bates"
"2022_08_GB_BUF",8,"GB","David Bakhtiari, Jon Runyan Jr., Josh Myers, Yosuah Nijman, Zach Tom"
"2022_08_LV_NO",8,"LV","Alex Bars, Andre James, Dylan Parham, Jermaine Eluemunor, Kolton Miller"
"2022_08_LV_NO",8,"NO","Andrus Peat, Cesar Ruiz, Erik McCoy, James Hurst, Ryan Ramczyk"
"2022_08_MIA_DET",8,"DET","Evan Brown, Frank Ragnow, Jonah Jackson, Penei Sewell, Taylor Decker"
"2022_08_MIA_DET",8,"MIA","Brandon Shell, Connor Williams, Liam Eichenberg, Robert Hunt, Terron Armstead"
"2022_08_NE_NYJ",8,"NE","Cole Strange, James Ferentz, Marcus Cannon, Michael Onwenu, Trent Brown"
"2022_08_NE_NYJ",8,"NYJ","Cedric Ogbuehi, Connor McGovern, Duane Brown, Laken Tomlinson, Nate Herbig"
"2022_08_NYG_SEA",8,"NYG","Andrew Thomas, Jon Feliciano, Joshua Ezeudu, Mark Glowinski, Tyre Phillips"
"2022_08_NYG_SEA",8,"SEA","Abraham Lucas, Charles Cross, Damien Lewis, Kyle Fuller, Phil Haynes"
"2022_08_PIT_PHI",8,"PHI","Isaac Seumalo, Jason Kelce, Jordan Mailata, Landon Dickerson, Lane Johnson"
"2022_08_PIT_PHI",8,"PIT","Chukwuma Okorafor, Dan Moore, James Daniels, Kevin Dotson, Mason Cole"
"2022_08_SF_LA",8,"LA","Alaric Jackson, Bobby Evans, Brian Allen, Oday Aboushi, Rob Havenstein"
"2022_08_SF_LA",8,"SF","Aaron Banks, Jake Brendel, Mike McGlinchey, Spencer Burford, Trent Williams"
"2022_08_TEN_HOU",8,"HOU","Justin McCray, Kenyon Green, Laremy Tunsil, Scott Quessenberry, Tytus Howard"
"2022_08_TEN_HOU",8,"TEN","Aaron Brewer, Ben Jones, Dennis Daley, Nate Davis, Nicholas Petit-Frere"
"2022_08_WAS_IND",8,"IND","Braden Smith, Dennis Kelly, Matt Pryor, Quenton Nelson, Ryan Kelly"
"2022_08_WAS_IND",8,"WAS","Andrew Norwell, Charles Leno Jr., Cornelius Lucas, Trai Turner, Tyler Larsen"
"2022_09_BAL_NO",9,"BAL","Ben Powers, Kevin Zeitler, Morgan Moses, Ronnie Stanley, Tyler Linderbaum"
"2022_09_BAL_NO",9,"NO","Andrus Peat, Calvin Throckmorton, Cesar Ruiz, James Hurst, Ryan Ramczyk"
"2022_09_BUF_NYJ",9,"BUF","David Quessenberry, Dion Dawkins, Mitch Morse, Rodger Saffold, Ryan Bates"
"2022_09_BUF_NYJ",9,"NYJ","Cedric Ogbuehi, Connor McGovern, Duane Brown, Laken Tomlinson, Nate Herbig"
"2022_09_CAR_CIN",9,"CAR","Austin Corbett, Bradley Bozeman, Brady Christensen, Ikem Ekwonu, Taylor Moton"
"2022_09_CAR_CIN",9,"CIN","Alex Cappa, Cordell Volson, Jonah Williams, La'el Collins, Ted Karras"
"2022_09_GB_DET",9,"DET","Evan Brown, Frank Ragnow, Jonah Jackson, Penei Sewell, Taylor Decker"
"2022_09_GB_DET",9,"GB","Elgton Jenkins, Jon Runyan Jr., Josh Myers, Yosuah Nijman, Zach Tom"
"2022_09_IND_NE",9,"IND","Bernhard Raimann, Braden Smith, Quenton Nelson, Ryan Kelly, Will Fries"
"2022_09_IND_NE",9,"NE","Isaiah Wynn, James Ferentz, Michael Onwenu, Trent Brown, Yodny Cajuste"
"2022_09_LA_TB",9,"LA","Alaric Jackson, Bobby Evans, Brian Allen, Chandler Brewer, Rob Havenstein"
"2022_09_LA_TB",9,"TB","Donovan Smith, Nick Leverett, Robert Hainsey, Shaq Mason, Tristan Wirfs"
"2022_09_LAC_ATL",9,"ATL","Chris Lindstrom, Drew Dalman, Jake Matthews, Kaleb McGary, Matt Hennessy"
"2022_09_LAC_ATL",9,"LAC","Corey Linsley, Jamaree Salyer, Matt Feiler, Trey Pipkins, Zion Johnson"
"2022_09_LV_JAX",9,"JAX","Brandon Scherff, Cam Robinson, Jawaan Taylor, Luke Fortner, Tyler Shatley"
"2022_09_LV_JAX",9,"LV","Alex Bars, Andre James, Dylan Parham, Jermaine Eluemunor, Kolton Miller"
"2022_09_MIA_CHI",9,"CHI","Braxton Jones, Cody Whitehair, Riley Reiff, Sam Mustipher, Teven Jenkins"
"2022_09_MIA_CHI",9,"MIA","Brandon Shell, Connor Williams, Robert Hunt, Robert Jones, Terron Armstead"
"2022_09_MIN_WAS",9,"MIN","Brian O'Neill, Christian Darrisaw, Ed Ingram, Ezra Cleveland, Garrett Bradbury"
"2022_09_MIN_WAS",9,"WAS","Andrew Norwell, Charles Leno Jr., Cornelius Lucas, Trai Turner, Tyler Larsen"
"2022_09_PHI_HOU",9,"HOU","A.J. Cann, Kenyon Green, Laremy Tunsil, Scott Quessenberry, Tytus Howard"
"2022_09_PHI_HOU",9,"PHI","Isaac Seumalo, Jason Kelce, Jordan Mailata, Landon Dickerson, Lane Johnson"
"2022_09_SEA_ARI",9,"ARI","Billy Price, Cody Ford, D.J. Humphries, Kelvin Beachum, Lecitus Smith"
"2022_09_SEA_ARI",9,"SEA","Abraham Lucas, Austin Blythe, Charles Cross, Damien Lewis, Gabe Jackson"
"2022_09_TEN_KC",9,"KC","Andrew Wylie, Creed Humphrey, Joe Thuney, Orlando Brown Jr., Trey Smith"
"2022_09_TEN_KC",9,"TEN","Aaron Brewer, Ben Jones, Dennis Daley, Nate Davis, Nicholas Petit-Frere"
"2022_10_ARI_LA",10,"ARI","Billy Price, Josh Jones, Kelvin Beachum, Lecitus Smith, Rashaad Coward"
"2022_10_ARI_LA",10,"LA","Brian Allen, Chandler Brewer, Coleman Shelton, Rob Havenstein, Ty Nsekhe"
"2022_10_ATL_CAR",10,"ATL","Chris Lindstrom, Colby Gossett, Drew Dalman, Jake Matthews, Kaleb McGary"
"2022_10_ATL_CAR",10,"CAR","Austin Corbett, Bradley Bozeman, Brady Christensen, Ikem Ekwonu, Taylor Moton"
"2022_10_CLE_MIA",10,"CLE","Ethan Pocic, Hjalte Froholdt, Jack Conklin, Jedrick Wills Jr., Joel Bitonio"
"2022_10_CLE_MIA",10,"MIA","Brandon Shell, Connor Williams, Robert Hunt, Robert Jones, Terron Armstead"
"2022_10_DAL_GB",10,"DAL","Connor McGovern, Terence Steele, Tyler Biadasz, Tyler Smith, Zack Martin"
"2022_10_DAL_GB",10,"GB","David Bakhtiari, Elgton Jenkins, Jon Runyan Jr., Josh Myers, Yosuah Nijman"
"2022_10_DEN_TEN",10,"DEN","Calvin Anderson, Dalton Risner, Graham Glasgow, Quinn Bailey, Quinn Meinerz"
"2022_10_DEN_TEN",10,"TEN","Aaron Brewer, Ben Jones, Dennis Daley, Nate Davis, Nicholas Petit-Frere"
"2022_10_DET_CHI",10,"CHI","Braxton Jones, Cody Whitehair, Michael Schofield, Riley Reiff, Sam Mustipher"
"2022_10_DET_CHI",10,"DET","Evan Brown, Frank Ragnow, Jonah Jackson, Penei Sewell, Taylor Decker"
"2022_10_HOU_NYG",10,"HOU","A.J. Cann, Kenyon Green, Laremy Tunsil, Scott Quessenberry, Tytus Howard"
"2022_10_HOU_NYG",10,"NYG","Andrew Thomas, Jon Feliciano, Joshua Ezeudu, Mark Glowinski, Tyre Phillips"
"2022_10_IND_LV",10,"IND","Bernhard Raimann, Braden Smith, Quenton Nelson, Ryan Kelly, Will Fries"
"2022_10_IND_LV",10,"LV","Alex Bars, Andre James, Dylan Parham, Jermaine Eluemunor, Kolton Miller"
"2022_10_JAX_KC",10,"JAX","Brandon Scherff, Cam Robinson, Jawaan Taylor, Luke Fortner, Tyler Shatley"
"2022_10_JAX_KC",10,"KC","Creed Humphrey, Joe Thuney, Orlando Brown Jr., Prince Tega Wanogho, Trey Smith"
"2022_10_LAC_SF",10,"LAC","Corey Linsley, Foster Sarell, Jamaree Salyer, Matt Feiler, Zion Johnson"
"2022_10_LAC_SF",10,"SF","Aaron Banks, Jake Brendel, Mike McGlinchey, Spencer Burford, Trent Williams"
"2022_10_MIN_BUF",10,"BUF","Dion Dawkins, Mitch Morse, Rodger Saffold, Ryan Bates, Spencer Brown"
"2022_10_MIN_BUF",10,"MIN","Brian O'Neill, Christian Darrisaw, Ed Ingram, Ezra Cleveland, Garrett Bradbury"
"2022_10_NO_PIT",10,"NO","Cesar Ruiz, James Hurst, Josh Andrews, Lewis Kidd, Ryan Ramczyk"
"2022_10_NO_PIT",10,"PIT","Chukwuma Okorafor, Dan Moore, James Daniels, Kevin Dotson, Mason Cole"
"2022_10_SEA_TB",10,"SEA","Abraham Lucas, Austin Blythe, Charles Cross, Damien Lewis, Gabe Jackson"
"2022_10_SEA_TB",10,"TB","Donovan Smith, Nick Leverett, Robert Hainsey, Shaq Mason, Tristan Wirfs"
"2022_10_WAS_PHI",10,"PHI","Isaac Seumalo, Jason Kelce, Jordan Mailata, Landon Dickerson, Lane Johnson"
"2022_10_WAS_PHI",10,"WAS","Andrew Norwell, Charles Leno Jr., Cornelius Lucas, Trai Turner, Tyler Larsen"
"2022_11_CAR_BAL",11,"BAL","Ben Powers, Kevin Zeitler, Morgan Moses, Ronnie Stanley, Tyler Linderbaum"
"2022_11_CAR_BAL",11,"CAR","Austin Corbett, Bradley Bozeman, Brady Christensen, Ikem Ekwonu, Taylor Moton"
"2022_11_CHI_ATL",11,"ATL","Chris Lindstrom, Chuma Edoga, Drew Dalman, Jake Matthews, Kaleb McGary"
"2022_11_CHI_ATL",11,"CHI","Braxton Jones, Cody Whitehair, Michael Schofield, Riley Reiff, Sam Mustipher"
"2022_11_CIN_PIT",11,"CIN","Alex Cappa, Cordell Volson, Jonah Williams, La'el Collins, Ted Karras"
"2022_11_CIN_PIT",11,"PIT","Chukwuma Okorafor, Dan Moore, J.C. Hassenauer, James Daniels, Kevin Dotson"
"2022_11_CLE_BUF",11,"BUF","Dion Dawkins, Mitch Morse, Rodger Saffold, Ryan Bates, Spencer Brown"
"2022_11_CLE_BUF",11,"CLE","Hjalte Froholdt, Jack Conklin, Jedrick Wills Jr., Joel Bitonio, Wyatt Teller"
"2022_11_DAL_MIN",11,"DAL","Connor McGovern, Terence Steele, Tyler Biadasz, Tyler Smith, Zack Martin"
"2022_11_DAL_MIN",11,"MIN","Blake Brandel, Brian O'Neill, Ed Ingram, Ezra Cleveland, Garrett Bradbury"
"2022_11_DET_NYG",11,"DET","Dan Skipper, Frank Ragnow, Jonah Jackson, Penei Sewell, Taylor Decker"
"2022_11_DET_NYG",11,"NYG","Andrew Thomas, Jon Feliciano, Mark Glowinski, Matt Peart, Shane Lemieux"
"2022_11_KC_LAC",11,"KC","Andrew Wylie, Creed Humphrey, Joe Thuney, Orlando Brown Jr., Trey Smith"
"2022_11_KC_LAC",11,"LAC","Corey Linsley, Jamaree Salyer, Matt Feiler, Trey Pipkins, Zion Johnson"
"2022_11_LA_NO",11,"LA","Bobby Evans, Coleman Shelton, Matt Skura, Oday Aboushi, Rob Havenstein"
"2022_11_LA_NO",11,"NO","Calvin Throckmorton, Cesar Ruiz, Josh Andrews, Landon Young, Ryan Ramczyk"
"2022_11_LV_DEN",11,"DEN","Calvin Anderson, Cameron Fleming, Dalton Risner, Graham Glasgow, Quinn Meinerz"
"2022_11_LV_DEN",11,"LV","Alex Bars, Andre James, Dylan Parham, Jermaine Eluemunor, Thayer Munford"
"2022_11_NYJ_NE",11,"NE","Cole Strange, James Ferentz, Michael Onwenu, Trent Brown, Yodny Cajuste"
"2022_11_NYJ_NE",11,"NYJ","Cedric Ogbuehi, Connor McGovern, Dan Feeney, Duane Brown, Laken Tomlinson"
"2022_11_PHI_IND",11,"IND","Bernhard Raimann, Braden Smith, Quenton Nelson, Ryan Kelly, Will Fries"
"2022_11_PHI_IND",11,"PHI","Isaac Seumalo, Jason Kelce, Jordan Mailata, Landon Dickerson, Lane Johnson"
"2022_11_SF_ARI",11,"ARI","Billy Price, Josh Jones, Kelvin Beachum, Lecitus Smith, Rashaad Coward"
"2022_11_SF_ARI",11,"SF","Aaron Banks, Jake Brendel, Mike McGlinchey, Spencer Burford, Trent Williams"
"2022_11_TEN_GB",11,"GB","David Bakhtiari, Elgton Jenkins, Jon Runyan Jr., Josh Myers, Yosuah Nijman"
"2022_11_TEN_GB",11,"TEN","Aaron Brewer, Dennis Daley, Dillon Radunz, Nate Davis, Nicholas Petit-Frere"
"2022_11_WAS_HOU",11,"HOU","A.J. Cann, Kenyon Green, Laremy Tunsil, Scott Quessenberry, Tytus Howard"
"2022_11_WAS_HOU",11,"WAS","Andrew Norwell, Charles Leno Jr., Cornelius Lucas, Trai Turner, Tyler Larsen"
"2022_12_ATL_WAS",12,"ATL","Chris Lindstrom, Colby Gossett, Drew Dalman, Jake Matthews, Kaleb McGary"
"2022_12_ATL_WAS",12,"WAS","Andrew Norwell, Charles Leno Jr., Samuel Cosmi, Trai Turner, Tyler Larsen"
"2022_12_BAL_JAX",12,"BAL","Ben Powers, Kevin Zeitler, Morgan Moses, Patrick Mekari, Tyler Linderbaum"
"2022_12_BAL_JAX",12,"JAX","Brandon Scherff, Cam Robinson, Jawaan Taylor, Luke Fortner, Tyler Shatley"
"2022_12_BUF_DET",12,"BUF","David Quessenberry, Greg Van Roten, Rodger Saffold, Ryan Bates, Spencer Brown"
"2022_12_BUF_DET",12,"DET","Dan Skipper, Frank Ragnow, Kayode Awosika, Penei Sewell, Taylor Decker"
"2022_12_CHI_NYJ",12,"CHI","Braxton Jones, Cody Whitehair, Larry Borom, Sam Mustipher, Teven Jenkins"
"2022_12_CHI_NYJ",12,"NYJ","Connor McGovern, Duane Brown, Laken Tomlinson, Max Mitchell, Nate Herbig"
"2022_12_CIN_TEN",12,"CIN","Alex Cappa, Cordell Volson, Jonah Williams, La'el Collins, Ted Karras"
"2022_12_CIN_TEN",12,"TEN","Aaron Brewer, Dennis Daley, Dillon Radunz, Nate Davis, Nicholas Petit-Frere"
"2022_12_DEN_CAR",12,"CAR","Austin Corbett, Bradley Bozeman, Brady Christensen, Ikem Ekwonu, Taylor Moton"
"2022_12_DEN_CAR",12,"DEN","Calvin Anderson, Cameron Fleming, Dalton Risner, Graham Glasgow, Quinn Meinerz"
"2022_12_GB_PHI",12,"GB","David Bakhtiari, Elgton Jenkins, Jon Runyan Jr., Josh Myers, Yosuah Nijman"
"2022_12_GB_PHI",12,"PHI","Isaac Seumalo, Jason Kelce, Jordan Mailata, Landon Dickerson, Lane Johnson"
"2022_12_HOU_MIA",12,"HOU","A.J. Cann, Kenyon Green, Laremy Tunsil, Scott Quessenberry, Tytus Howard"
"2022_12_HOU_MIA",12,"MIA","Austin Jackson, Brandon Shell, Connor Williams, Robert Hunt, Robert Jones"
"2022_12_LA_KC",12,"KC","Andrew Wylie, Creed Humphrey, Nick Allegretti, Orlando Brown Jr., Trey Smith"
"2022_12_LA_KC",12,"LA","AJ Arcuri, Coleman Shelton, Matt Skura, Oday Aboushi, Rob Havenstein"
"2022_12_LAC_ARI",12,"ARI","Billy Price, Josh Jones, Kelvin Beachum, Max Garcia, Rashaad Coward"
"2022_12_LAC_ARI",12,"LAC","Jamaree Salyer, Matt Feiler, Trey Pipkins, Will Clapp, Zion Johnson"
"2022_12_LV_SEA",12,"LV","Alex Bars, Andre James, Dylan Parham, Jermaine Eluemunor, Kolton Miller"
"2022_12_LV_SEA",12,"SEA","Abraham Lucas, Austin Blythe, Charles Cross, Damien Lewis, Gabe Jackson"
"2022_12_NE_MIN",12,"MIN","Blake Brandel, Brian O'Neill, Ed Ingram, Ezra Cleveland, Garrett Bradbury"
"2022_12_NE_MIN",12,"NE","Cole Strange, James Ferentz, Michael Onwenu, Trent Brown, Yodny Cajuste"
"2022_12_NO_SF",12,"NO","Andrus Peat, Cesar Ruiz, James Hurst, Josh Andrews, Ryan Ramczyk"
"2022_12_NO_SF",12,"SF","Aaron Banks, Jake Brendel, Mike McGlinchey, Spencer Burford, Trent Williams"
"2022_12_NYG_DAL",12,"DAL","Connor McGovern, Terence Steele, Tyler Biadasz, Tyler Smith, Zack Martin"
"2022_12_NYG_DAL",12,"NYG","Andrew Thomas, Jack Anderson, Mark Glowinski, Nick Gates, Tyre Phillips"
"2022_12_PIT_IND",12,"IND","Bernhard Raimann, Braden Smith, Quenton Nelson, Ryan Kelly, Will Fries"
"2022_12_PIT_IND",12,"PIT","Chukwuma Okorafor, Dan Moore, James Daniels, Kevin Dotson, Mason Cole"
"2022_12_TB_CLE",12,"CLE","Hjalte Froholdt, Jack Conklin, Jedrick Wills Jr., Joel Bitonio, Wyatt Teller"
"2022_12_TB_CLE",12,"TB","Donovan Smith, Nick Leverett, Robert Hainsey, Shaq Mason, Tristan Wirfs"
"2022_13_BUF_NE",13,"BUF","David Quessenberry, Mitch Morse, Rodger Saffold, Ryan Bates, Spencer Brown"
"2022_13_BUF_NE",13,"NE","Cole Strange, Conor McDermott, David Andrews, Michael Onwenu, Trent Brown"
"2022_13_CLE_HOU",13,"CLE","Hjalte Froholdt, Jack Conklin, Jedrick Wills Jr., Joel Bitonio, Wyatt Teller"
"2022_13_CLE_HOU",13,"HOU","A.J. Cann, Kenyon Green, Laremy Tunsil, Scott Quessenberry, Tytus Howard"
"2022_13_DEN_BAL",13,"BAL","Ben Powers, Kevin Zeitler, Morgan Moses, Patrick Mekari, Tyler Linderbaum"
"2022_13_DEN_BAL",13,"DEN","Calvin Anderson, Cameron Fleming, Dalton Risner, Graham Glasgow, Quinn Meinerz"
"2022_13_GB_CHI",13,"CHI","Braxton Jones, Cody Whitehair, Riley Reiff, Sam Mustipher, Teven Jenkins"
"2022_13_GB_CHI",13,"GB","Elgton Jenkins, Jon Runyan Jr., Josh Myers, Yosuah Nijman, Zach Tom"
"2022_13_IND_DAL",13,"DAL","Connor McGovern, Terence Steele, Tyler Biadasz, Tyler Smith, Zack Martin"
"2022_13_IND_DAL",13,"IND","Bernhard Raimann, Dennis Kelly, Quenton Nelson, Ryan Kelly, Will Fries"
"2022_13_JAX_DET",13,"DET","Frank Ragnow, Jonah Jackson, Kayode Awosika, Penei Sewell, Taylor Decker"
"2022_13_JAX_DET",13,"JAX","Brandon Scherff, Cam Robinson, Jawaan Taylor, Luke Fortner, Tyler Shatley"
"2022_13_KC_CIN",13,"CIN","Alex Cappa, Cordell Volson, Jonah Williams, La'el Collins, Ted Karras"
"2022_13_KC_CIN",13,"KC","Andrew Wylie, Creed Humphrey, Nick Allegretti, Orlando Brown Jr., Trey Smith"
"2022_13_LAC_LV",13,"LAC","Foster Sarell, Jamaree Salyer, Matt Feiler, Will Clapp, Zion Johnson"
"2022_13_LAC_LV",13,"LV","Alex Bars, Andre James, Dylan Parham, Jermaine Eluemunor, Kolton Miller"
"2022_13_MIA_SF",13,"MIA","Brandon Shell, Connor Williams, Greg Little, Robert Hunt, Robert Jones"
"2022_13_MIA_SF",13,"SF","Aaron Banks, Daniel Brunskill, Jake Brendel, Mike McGlinchey, Trent Williams"
"2022_13_NO_TB",13,"NO","Andrus Peat, Calvin Throckmorton, Cesar Ruiz, James Hurst, Ryan Ramczyk"
"2022_13_NO_TB",13,"TB","Donovan Smith, Josh Wells, Nick Leverett, Robert Hainsey, Shaq Mason"
"2022_13_NYJ_MIN",13,"MIN","Blake Brandel, Brian O'Neill, Ed Ingram, Ezra Cleveland, Garrett Bradbury"
"2022_13_NYJ_MIN",13,"NYJ","Connor McGovern, Duane Brown, George Fant, Laken Tomlinson, Nate Herbig"
"2022_13_PIT_ATL",13,"ATL","Chris Lindstrom, Colby Gossett, Drew Dalman, Jake Matthews, Kaleb McGary"
"2022_13_PIT_ATL",13,"PIT","Chukwuma Okorafor, Dan Moore, James Daniels, Kevin Dotson, Mason Cole"
"2022_13_SEA_LA",13,"LA","Brian Allen, Coleman Shelton, Matt Skura, Rob Havenstein, Ty Nsekhe"
"2022_13_SEA_LA",13,"SEA","Abraham Lucas, Austin Blythe, Charles Cross, Damien Lewis, Gabe Jackson"
"2022_13_TEN_PHI",13,"PHI","Isaac Seumalo, Jason Kelce, Jordan Mailata, Landon Dickerson, Lane Johnson"
"2022_13_TEN_PHI",13,"TEN","Aaron Brewer, Ben Jones, Dennis Daley, Nate Davis, Nicholas Petit-Frere"
"2022_13_WAS_NYG",13,"NYG","Andrew Thomas, Evan Neal, Jon Feliciano, Mark Glowinski, Nick Gates"
"2022_13_WAS_NYG",13,"WAS","Andrew Norwell, Charles Leno Jr., Cornelius Lucas, Tyler Larsen, Wes Schweitzer"
"2022_14_BAL_PIT",14,"BAL","Ben Powers, Morgan Moses, Ronnie Stanley, Trystan Colon-Castillo, Tyler Linderbaum"
"2022_14_BAL_PIT",14,"PIT","Chukwuma Okorafor, Dan Moore, James Daniels, Kevin Dotson, Mason Cole"
"2022_14_CAR_SEA",14,"CAR","Austin Corbett, Bradley Bozeman, Brady Christensen, Ikem Ekwonu, Taylor Moton"
"2022_14_CAR_SEA",14,"SEA","Abraham Lucas, Austin Blythe, Charles Cross, Damien Lewis, Phil Haynes"
"2022_14_CLE_CIN",14,"CIN","Alex Cappa, Cordell Volson, Jonah Williams, La'el Collins, Ted Karras"
"2022_14_CLE_CIN",14,"CLE","Hjalte Froholdt, Jack Conklin, Jedrick Wills Jr., Joel Bitonio, Wyatt Teller"
"2022_14_HOU_DAL",14,"DAL","Connor McGovern, Terence Steele, Tyler Biadasz, Tyler Smith, Zack Martin"
"2022_14_HOU_DAL",14,"HOU","A.J. Cann, Kenyon Green, Laremy Tunsil, Scott Quessenberry, Tytus Howard"
"2022_14_JAX_TEN",14,"JAX","Brandon Scherff, Cam Robinson, Jawaan Taylor, Luke Fortner, Tyler Shatley"
"2022_14_JAX_TEN",14,"TEN","Aaron Brewer, Ben Jones, Dennis Daley, Nate Davis, Nicholas Petit-Frere"
"2022_14_KC_DEN",14,"DEN","Calvin Anderson, Cameron Fleming, Graham Glasgow, Netane Muti, Quinn Meinerz"
"2022_14_KC_DEN",14,"KC","Andrew Wylie, Creed Humphrey, Joe Thuney, Orlando Brown Jr., Trey Smith"
"2022_14_LV_LA",14,"LA","Brian Allen, Coleman Shelton, Matt Skura, Rob Havenstein, Ty Nsekhe"
"2022_14_LV_LA",14,"LV","Andre James, Dylan Parham, Jermaine Eluemunor, John Simpson, Kolton Miller"
"2022_14_MIA_LAC",14,"LAC","Corey Linsley, Foster Sarell, Jamaree Salyer, Matt Feiler, Zion Johnson"
"2022_14_MIA_LAC",14,"MIA","Brandon Shell, Connor Williams, Robert Hunt, Robert Jones, Terron Armstead"
"2022_14_MIN_DET",14,"DET","Frank Ragnow, Jonah Jackson, Logan Stenberg, Penei Sewell, Taylor Decker"
"2022_14_MIN_DET",14,"MIN","Austin Schlottmann, Blake Brandel, Brian O'Neill, Ed Ingram, Ezra Cleveland"
"2022_14_NE_ARI",14,"ARI","Billy Price, Cody Ford, Josh Jones, Kelvin Beachum, Max Garcia"
"2022_14_NE_ARI",14,"NE","Cole Strange, Conor McDermott, David Andrews, Michael Onwenu, Trent Brown"
"2022_14_NYJ_BUF",14,"BUF","Dion Dawkins, Mitch Morse, Rodger Saffold, Ryan Bates, Spencer Brown"
"2022_14_NYJ_BUF",14,"NYJ","Connor McGovern, Duane Brown, George Fant, Laken Tomlinson, Nate Herbig"
"2022_14_PHI_NYG",14,"NYG","Andrew Thomas, Evan Neal, Jon Feliciano, Mark Glowinski, Nick Gates"
"2022_14_PHI_NYG",14,"PHI","Isaac Seumalo, Jason Kelce, Jordan Mailata, Landon Dickerson, Lane Johnson"
"2022_14_TB_SF",14,"SF","Aaron Banks, Jake Brendel, Mike McGlinchey, Spencer Burford, Trent Williams"
"2022_14_TB_SF",14,"TB","Donovan Smith, Josh Wells, Nick Leverett, Robert Hainsey, Shaq Mason"
"2022_15_ARI_DEN",15,"ARI","Billy Price, Josh Jones, Kelvin Beachum, Max Garcia, Will Hernandez"
"2022_15_ARI_DEN",15,"DEN","Billy Turner, Cameron Fleming, Dalton Risner, Graham Glasgow, Luke Wattenberg"
"2022_15_ATL_NO",15,"ATL","Chris Lindstrom, Drew Dalman, Elijah Wilkinson, Jake Matthews, Kaleb McGary"
"2022_15_ATL_NO",15,"NO","Andrus Peat, Cesar Ruiz, Erik McCoy, James Hurst, Ryan Ramczyk"
"2022_15_BAL_CLE",15,"BAL","Ben Powers, Kevin Zeitler, Morgan Moses, Ronnie Stanley, Tyler Linderbaum"
"2022_15_BAL_CLE",15,"CLE","Hjalte Froholdt, Jack Conklin, Jedrick Wills Jr., Joel Bitonio, Wyatt Teller"
"2022_15_CIN_TB",15,"CIN","Alex Cappa, Cordell Volson, Jonah Williams, La'el Collins, Ted Karras"
"2022_15_CIN_TB",15,"TB","Donovan Smith, Josh Wells, Nick Leverett, Robert Hainsey, Shaq Mason"
"2022_15_DAL_JAX",15,"DAL","Connor McGovern, Jason Peters, Tyler Biadasz, Tyron Smith, Zack Martin"
"2022_15_DAL_JAX",15,"JAX","Brandon Scherff, Cam Robinson, Jawaan Taylor, Luke Fortner, Tyler Shatley"
"2022_15_DET_NYJ",15,"DET","Evan Brown, Frank Ragnow, Jonah Jackson, Penei Sewell, Taylor Decker"
"2022_15_DET_NYJ",15,"NYJ","Connor McGovern, Duane Brown, George Fant, Laken Tomlinson, Nate Herbig"
"2022_15_IND_MIN",15,"IND","Bernhard Raimann, Braden Smith, Quenton Nelson, Ryan Kelly, Will Fries"
"2022_15_IND_MIN",15,"MIN","Austin Schlottmann, Brian O'Neill, Christian Darrisaw, Ed Ingram, Ezra Cleveland"
"2022_15_KC_HOU",15,"HOU","A.J. Cann, Charlie Heck, Laremy Tunsil, Scott Quessenberry, Tytus Howard"
"2022_15_KC_HOU",15,"KC","Andrew Wylie, Creed Humphrey, Joe Thuney, Orlando Brown Jr., Trey Smith"
"2022_15_LA_GB",15,"GB","Elgton Jenkins, Jon Runyan Jr., Josh Myers, Yosuah Nijman, Zach Tom"
"2022_15_LA_GB",15,"LA","Coleman Shelton, Matt Skura, Oday Aboushi, Rob Havenstein, Ty Nsekhe"
"2022_15_MIA_BUF",15,"BUF","David Quessenberry, Dion Dawkins, Greg Van Roten, Rodger Saffold, Spencer Brown"
"2022_15_MIA_BUF",15,"MIA","Brandon Shell, Connor Williams, Robert Hunt, Robert Jones, Terron Armstead"
"2022_15_NE_LV",15,"LV","Andre James, Hroniss Grasu, Jermaine Eluemunor, Jordan Meredith, Kolton Miller"
"2022_15_NE_LV",15,"NE","Cole Strange, Conor McDermott, David Andrews, Michael Onwenu, Trent Brown"
"2022_15_NYG_WAS",15,"NYG","Andrew Thomas, Ben Bredeson, Evan Neal, Jon Feliciano, Mark Glowinski"
"2022_15_NYG_WAS",15,"WAS","Andrew Norwell, Charles Leno Jr., Cornelius Lucas, Trai Turner, Wes Schweitzer"
"2022_15_PHI_CHI",15,"CHI","Braxton Jones, Cody Whitehair, Michael Schofield, Riley Reiff, Sam Mustipher"
"2022_15_PHI_CHI",15,"PHI","Isaac Seumalo, Jason Kelce, Jordan Mailata, Landon Dickerson, Lane Johnson"
"2022_15_PIT_CAR",15,"CAR","Austin Corbett, Bradley Bozeman, Brady Christensen, Ikem Ekwonu, Taylor Moton"
"2022_15_PIT_CAR",15,"PIT","Chukwuma Okorafor, Dan Moore, James Daniels, Kevin Dotson, Mason Cole"
"2022_15_SF_SEA",15,"SEA","Abraham Lucas, Austin Blythe, Charles Cross, Damien Lewis, Gabe Jackson"
"2022_15_SF_SEA",15,"SF","Aaron Banks, Daniel Brunskill, Jake Brendel, Mike McGlinchey, Trent Williams"
"2022_15_TEN_LAC",15,"LAC","Corey Linsley, Jamaree Salyer, Matt Feiler, Trey Pipkins, Zion Johnson"
"2022_15_TEN_LAC",15,"TEN","Aaron Brewer, Ben Jones, Dennis Daley, Nate Davis, Nicholas Petit-Frere"
